id,first_name,last_name,email,gender,ip_address
1,Bebe,Cartmel,bcartmel0@behance.net,Genderqueer,66.206.249.27
2,Eadith,Bilsford,ebilsford1@netscape.com,Female,173.53.93.81
3,Tomi,Kenward,tkenward2@csmonitor.com,Female,242.133.153.33
4,Gifford,Dudson,gdudson3@studiopress.com,Male,42.25.48.98
5,Anson,Turmall,aturmall4@xing.com,Male,227.171.9.47
6,Deina,Battista,dbattista5@wix.com,Female,64.88.35.197
7,Nikos,Hounihan,nhounihan6@nature.com,Male,75.85.202.51
8,Valry,Schimoni,vschimoni7@hp.com,Female,32.216.255.188
9,Candace,Fydo,cfydo8@ovh.net,Female,40.118.218.161
10,Fonsie,Child,fchild9@skyrock.com,Male,214.207.234.165
11,Brina,Thews,bthewsa@newyorker.com,Female,49.244.154.84
12,Mortimer,Carlesi,mcarlesib@chron.com,Male,192.181.150.56
13,Falito,Custance,fcustancec@nymag.com,Male,150.152.2.66
14,Jacquenetta,Faichney,jfaichneyd@cocolog-nifty.com,Female,86.248.168.18
15,Modestia,Bour,mboure@amazon.com,Female,113.194.36.105
16,Alexandrina,Capin,acapinf@pinterest.com,Female,206.14.135.80
17,Tersina,Thombleson,tthomblesong@economist.com,Female,161.7.134.97
18,Rodie,Trice,rtriceh@theglobeandmail.com,Genderqueer,90.151.69.47
19,Lanni,Berzen,lberzeni@live.com,Female,88.172.44.241
20,Patrizio,Humburton,phumburtonj@mozilla.org,Male,38.65.31.199
21,Georgina,Einchcombe,geinchcombek@salon.com,Female,21.219.248.228
22,Barri,Stockman,bstockmanl@ox.ac.uk,Male,169.113.139.120
23,Pablo,Rogeron,progeronm@booking.com,Male,251.178.9.139
24,Kari,Kleanthous,kkleanthousn@utexas.edu,Female,27.43.218.57
25,Shandee,Veivers,sveiverso@hubpages.com,Bigender,185.21.64.239
26,Ashton,Schulter,aschulterp@wikimedia.org,Male,237.28.253.16
27,Vanda,Luckett,vluckettq@java.com,Female,230.120.114.102
28,Hartley,Pfertner,hpfertnerr@bravesites.com,Male,202.9.185.125
29,Anna-diane,McClancy,amcclancys@jugem.jp,Agender,67.236.250.232
30,Luz,Lucas,llucast@telegraph.co.uk,Female,228.148.49.197
31,Trevar,Plaister,tplaisteru@oaic.gov.au,Male,75.231.104.139
32,Moyra,Kiera,mkierav@rambler.ru,Female,235.19.58.188
33,Coraline,Brithman,cbrithmanw@homestead.com,Female,29.115.41.2
34,Hans,Denisevich,hdenisevichx@npr.org,Genderqueer,78.99.156.192
35,Bili,Rubinsky,brubinskyy@creativecommons.org,Female,152.108.70.206
36,Tanner,Steffans,tsteffansz@nydailynews.com,Male,98.163.39.160
37,Duff,Redihalgh,dredihalgh10@intel.com,Male,216.202.175.82
38,Brande,Antonik,bantonik11@sina.com.cn,Female,87.167.95.209
39,Gerald,Farington,gfarington12@mysql.com,Male,141.156.52.222
40,Vivian,Pigdon,vpigdon13@skype.com,Female,44.14.22.69
41,Corny,Stonestreet,cstonestreet14@epa.gov,Male,10.253.247.210
42,Korney,Darrel,kdarrel15@homestead.com,Female,149.188.215.147
43,Lucy,Dealy,ldealy16@wikipedia.org,Female,123.145.56.176
44,Shena,Cordner,scordner17@illinois.edu,Female,206.82.211.199
45,Eberhard,Cicero,ecicero18@hao123.com,Male,176.174.159.116
46,Derron,Cooley,dcooley19@jalbum.net,Male,191.172.12.39
47,Ignacius,Arlott,iarlott1a@360.cn,Male,79.133.222.239
48,Vanni,Shrubshall,vshrubshall1b@devhub.com,Female,194.83.97.171
49,Jewell,Weyman,jweyman1c@sina.com.cn,Female,4.230.111.174
50,Peggie,Cecely,pcecely1d@friendfeed.com,Female,12.73.167.40
51,Betteanne,Bellamy,bbellamy1e@nationalgeographic.com,Female,238.62.165.186
52,Ambrosi,Leversuch,aleversuch1f@163.com,Male,134.208.86.136
53,Ethelind,Adamini,eadamini1g@godaddy.com,Female,121.171.218.3
54,Curr,Jurisch,cjurisch1h@tripod.com,Male,107.18.46.38
55,Leanor,Freebury,lfreebury1i@java.com,Female,70.195.170.45
56,Birk,Learmount,blearmount1j@cloudflare.com,Male,19.47.87.188
57,Ree,Busain,rbusain1k@acquirethisname.com,Female,33.44.94.252
58,Maurie,Franciskiewicz,mfranciskiewicz1l@tripadvisor.com,Male,77.162.189.70
59,Fitz,Gallear,fgallear1m@twitpic.com,Male,120.96.46.149
60,Delmar,Bielfeld,dbielfeld1n@princeton.edu,Male,172.19.208.26
61,Leontine,Pimlock,lpimlock1o@gravatar.com,Female,52.182.17.24
62,Andonis,Adamec,aadamec1p@umich.edu,Male,181.199.52.54
63,Gustaf,Furmenger,gfurmenger1q@cdc.gov,Male,157.116.112.105
64,Lyndell,Harston,lharston1r@discovery.com,Female,249.134.201.98
65,Jaquelin,Rootham,jrootham1s@homestead.com,Non-binary,41.189.90.57
66,Kendell,Chastang,kchastang1t@tinyurl.com,Male,229.22.158.57
67,Sacha,Howsley,showsley1u@unicef.org,Female,94.133.28.240
68,Worthy,Giuroni,wgiuroni1v@netscape.com,Male,23.173.214.218
69,Beauregard,Wehnerr,bwehnerr1w@earthlink.net,Male,37.223.183.236
70,Ermin,Ezele,eezele1x@tinypic.com,Male,232.33.150.52
71,Beauregard,Rockall,brockall1y@tinypic.com,Male,99.176.211.195
72,Hillary,Dodamead,hdodamead1z@ocn.ne.jp,Female,42.18.211.26
73,Julietta,Devas,jdevas20@washingtonpost.com,Female,48.158.82.84
74,Mureil,Townsend,mtownsend21@blog.com,Female,202.22.190.220
75,Zorana,Malby,zmalby22@vkontakte.ru,Female,173.65.129.197
76,Pernell,Found,pfound23@cyberchimps.com,Male,252.14.172.236
77,Sophronia,Cordelet,scordelet24@themeforest.net,Female,174.135.219.217
78,Brock,Markovich,bmarkovich25@wufoo.com,Male,11.202.190.189
79,Raquel,Hawkin,rhawkin26@eventbrite.com,Female,172.111.68.36
80,Loralie,Kittoe,lkittoe27@woothemes.com,Female,192.172.243.39
81,Mordecai,Cattlemull,mcattlemull28@upenn.edu,Male,75.47.252.204
82,Lindi,Kubanek,lkubanek29@furl.net,Female,75.65.114.173
83,Lenette,Stowte,lstowte2a@fotki.com,Female,186.95.46.141
84,Uriah,Pressey,upressey2b@t.co,Male,183.146.72.243
85,Maryanna,Ludy,mludy2c@engadget.com,Female,173.61.107.84
86,Jsandye,Tedman,jtedman2d@booking.com,Agender,163.153.205.18
87,Wain,Starmont,wstarmont2e@themeforest.net,Male,238.137.26.162
88,Meryl,Inott,minott2f@friendfeed.com,Male,241.162.183.42
89,Christen,Brendel,cbrendel2g@nba.com,Female,83.70.195.38
90,Ximenez,Pignon,xpignon2h@microsoft.com,Male,54.25.254.98
91,Ellissa,Dohrmann,edohrmann2i@barnesandnoble.com,Female,114.33.130.197
92,Nara,Guiraud,nguiraud2j@ebay.co.uk,Female,99.220.128.173
93,Booth,Stewartson,bstewartson2k@liveinternet.ru,Male,26.153.89.82
94,Ives,Spilsburie,ispilsburie2l@constantcontact.com,Male,19.197.37.24
95,Ellery,Tommasuzzi,etommasuzzi2m@marriott.com,Male,208.95.254.208
96,Isaac,Chatt,ichatt2n@eepurl.com,Male,21.204.103.100
97,Nerita,Cicculini,ncicculini2o@pinterest.com,Female,38.123.150.114
98,Janie,Carwithen,jcarwithen2p@w3.org,Female,59.86.199.150
99,Con,Bails,cbails2q@weather.com,Bigender,86.25.104.134
100,Rozina,Morin,rmorin2r@example.com,Polygender,36.243.101.10
101,Archibald,Gunthorpe,agunthorpe2s@behance.net,Male,105.142.199.140
102,Lark,Croker,lcroker2t@scientificamerican.com,Female,124.141.140.62
103,Terrell,Ferroli,tferroli2u@accuweather.com,Male,202.55.124.160
104,Hebert,Dumbare,hdumbare2v@aboutads.info,Male,88.52.248.100
105,Renato,Howship,rhowship2w@tamu.edu,Male,153.244.166.180
106,Thurstan,Rait,trait2x@ihg.com,Male,110.196.99.230
107,Scottie,Rosenschein,srosenschein2y@shutterfly.com,Male,201.52.13.214
108,Maurine,Corney,mcorney2z@yelp.com,Female,155.174.24.2
109,Warner,Warry,wwarry30@so-net.ne.jp,Male,174.224.18.48
110,Annamaria,Selkirk,aselkirk31@prweb.com,Female,75.236.157.104
111,Ronda,Legrave,rlegrave32@scientificamerican.com,Non-binary,189.188.227.238
112,Jodie,Bolwell,jbolwell33@livejournal.com,Non-binary,206.36.239.175
113,Gusty,Shillitoe,gshillitoe34@hc360.com,Female,196.168.67.174
114,Baily,Penburton,bpenburton35@dyndns.org,Male,221.225.166.242
115,Nanete,Kildale,nkildale36@ebay.co.uk,Genderfluid,162.206.19.88
116,Denise,Headrick,dheadrick37@dion.ne.jp,Female,36.133.39.46
117,Tressa,Knocker,tknocker38@tinypic.com,Female,129.158.171.214
118,Hilarius,Ipsley,hipsley39@hud.gov,Male,1.222.205.86
119,Nerta,Fall,nfall3a@jugem.jp,Genderqueer,97.130.162.251
120,Carrol,Scampion,cscampion3b@weebly.com,Male,126.208.108.36
121,Ashley,Hartle,ahartle3c@tripadvisor.com,Female,61.244.38.99
122,Maisey,Cowx,mcowx3d@github.io,Female,110.132.59.234
123,Kristine,Coopey,kcoopey3e@a8.net,Polygender,145.146.5.78
124,Raul,Fanton,rfanton3f@state.tx.us,Male,40.100.155.122
125,Merwin,Rizzetti,mrizzetti3g@goodreads.com,Male,35.218.182.148
126,Brew,Drew-Clifton,bdrewclifton3h@printfriendly.com,Male,72.155.118.151
127,Gus,Serle,gserle3i@hhs.gov,Polygender,23.208.75.151
128,Earvin,Ennals,eennals3j@cocolog-nifty.com,Bigender,97.104.120.30
129,Emlyn,McTrustam,emctrustam3k@qq.com,Agender,7.127.151.64
130,Othilie,Bruhn,obruhn3l@whitehouse.gov,Agender,82.254.230.99
131,Allin,Banke,abanke3m@chronoengine.com,Male,198.49.180.229
132,Paule,Peacher,ppeacher3n@cloudflare.com,Female,230.80.106.215
133,Janella,Conkling,jconkling3o@va.gov,Female,88.173.255.89
134,Harmonia,Saer,hsaer3p@domainmarket.com,Female,142.82.102.34
135,Melody,Jillard,mjillard3q@hud.gov,Female,233.163.244.6
136,Fredric,MacCrackan,fmaccrackan3r@live.com,Male,72.138.253.97
137,Ric,Sandlin,rsandlin3s@mac.com,Male,56.153.120.41
138,Ailee,Cariss,acariss3t@kickstarter.com,Female,53.121.53.211
139,Sebastiano,De La Haye,sdelahaye3u@diigo.com,Male,172.168.69.0
140,Alikee,Fritzer,afritzer3v@craigslist.org,Female,244.223.72.11
141,Ernestine,Priden,epriden3w@constantcontact.com,Female,203.135.62.194
142,Janith,Shovlin,jshovlin3x@yolasite.com,Bigender,135.54.172.179
143,Julina,Lindsay,jlindsay3y@vkontakte.ru,Female,126.143.249.98
144,Marget,Eloy,meloy3z@cdbaby.com,Female,201.116.48.138
145,Leese,Frickey,lfrickey40@answers.com,Female,143.80.71.124
146,Berti,Scurrer,bscurrer41@independent.co.uk,Male,151.235.120.12
147,Otis,Mattioli,omattioli42@reddit.com,Male,251.85.206.229
148,Fidela,Malatalant,fmalatalant43@cnet.com,Female,194.235.171.188
149,Emlen,Begg,ebegg44@jiathis.com,Male,138.216.117.187
150,Berti,Goff,bgoff45@zimbio.com,Male,88.13.248.56
151,Bekki,Ortsmann,bortsmann46@unicef.org,Female,141.100.67.180
152,Arielle,Tuke,atuke47@squidoo.com,Female,41.41.103.239
153,Con,Wonham,cwonham48@utexas.edu,Male,116.222.194.84
154,Huberto,Hise,hhise49@google.de,Male,181.13.100.90
155,Konrad,Brownbill,kbrownbill4a@jugem.jp,Male,16.93.117.230
156,Quintana,Domingues,qdomingues4b@businessweek.com,Agender,7.238.189.147
157,Cullin,Pezey,cpezey4c@shop-pro.jp,Male,80.198.105.23
158,Sanders,Manthroppe,smanthroppe4d@biglobe.ne.jp,Non-binary,136.17.231.48
159,Hartley,Ewen,hewen4e@cargocollective.com,Male,2.143.241.251
160,Margaret,Lempke,mlempke4f@lycos.com,Female,159.103.122.130
161,Giusto,Petracchi,gpetracchi4g@sciencedirect.com,Male,245.38.130.117
162,Alix,Lillistone,alillistone4h@washington.edu,Female,166.15.186.131
163,Beck,Jeenes,bjeenes4i@ebay.co.uk,Male,204.55.4.203
164,Twila,Joyes,tjoyes4j@dot.gov,Female,246.168.91.55
165,Renaldo,Hugli,rhugli4k@go.com,Male,187.35.83.4
166,Cointon,Tregenna,ctregenna4l@clickbank.net,Male,192.147.223.140
167,Boigie,Brolan,bbrolan4m@upenn.edu,Male,118.40.104.49
168,Vanya,Ribou,vribou4n@whitehouse.gov,Male,232.23.39.51
169,Nickolas,Lukasen,nlukasen4o@dot.gov,Male,133.165.240.216
170,Archambault,Petru,apetru4p@biblegateway.com,Male,129.41.107.219
171,Gaelan,Nettle,gnettle4q@opera.com,Male,169.14.40.130
172,Nichols,Daintith,ndaintith4r@admin.ch,Male,164.139.38.40
173,Selia,Ricketts,sricketts4s@newyorker.com,Female,94.50.77.4
174,Erminie,Kubis,ekubis4t@cnbc.com,Female,148.131.123.244
175,Lorne,Dundon,ldundon4u@opensource.org,Male,26.159.245.148
176,Thorin,Castellan,tcastellan4v@phoca.cz,Male,47.129.54.13
177,Pippo,Birdfield,pbirdfield4w@cdc.gov,Male,11.247.131.170
178,Eryn,Assante,eassante4x@ft.com,Non-binary,72.161.240.219
179,Laney,Chinge,lchinge4y@a8.net,Male,117.5.5.253
180,Anthea,Pantlin,apantlin4z@sphinn.com,Female,120.67.35.78
181,Artemas,McAline,amcaline50@a8.net,Non-binary,120.145.139.108
182,Nicolis,Panton,npanton51@purevolume.com,Male,216.159.119.226
183,Noemi,Cersey,ncersey52@privacy.gov.au,Female,18.12.221.36
184,Euell,Roome,eroome53@newyorker.com,Male,102.49.116.85
185,Alicia,Lafayette,alafayette54@purevolume.com,Female,249.198.103.200
186,Nari,Franscioni,nfranscioni55@redcross.org,Female,242.52.239.125
187,Patrick,Graffham,pgraffham56@360.cn,Male,225.160.193.53
188,Margette,Ivamy,mivamy57@businesswire.com,Female,2.130.23.246
189,Freddie,Shreve,fshreve58@w3.org,Male,97.235.60.214
190,Georgie,Rylands,grylands59@elpais.com,Female,45.33.23.88
191,Theo,Dearman,tdearman5a@telegraph.co.uk,Male,51.137.228.94
192,Cosette,Kordas,ckordas5b@liveinternet.ru,Female,23.102.144.198
193,Webb,Wilkennson,wwilkennson5c@nydailynews.com,Male,8.88.253.81
194,Nana,Triggel,ntriggel5d@nymag.com,Female,100.56.115.50
195,Myrwyn,Graal,mgraal5e@topsy.com,Male,94.152.244.203
196,Bethena,Baike,bbaike5f@mysql.com,Female,62.165.177.202
197,Joletta,Burris,jburris5g@usa.gov,Female,217.48.34.59
198,Ora,Gookey,ogookey5h@msu.edu,Female,40.147.152.158
199,Alfy,Seleway,aseleway5i@people.com.cn,Male,71.224.32.205
200,Carmelita,Jaksic,cjaksic5j@cdc.gov,Female,219.240.87.69
201,Swen,Ronchetti,sronchetti5k@usda.gov,Bigender,252.158.23.126
202,Koral,Alfwy,kalfwy5l@webs.com,Female,75.113.243.65
203,Gunner,Tedridge,gtedridge5m@liveinternet.ru,Male,247.250.254.80
204,Dougie,Ghelarducci,dghelarducci5n@ehow.com,Male,44.37.228.156
205,Becka,Tebbs,btebbs5o@who.int,Female,136.217.212.195
206,Iggy,Wallis,iwallis5p@thetimes.co.uk,Male,132.104.189.5
207,Jayson,Gretton,jgretton5q@ask.com,Male,251.209.143.73
208,Halley,Allington,hallington5r@fastcompany.com,Female,183.205.103.42
209,Nels,Linch,nlinch5s@hostgator.com,Male,159.142.189.170
210,Chandal,Woolston,cwoolston5t@xing.com,Female,25.116.228.6
211,Dione,Ditts,dditts5u@imageshack.us,Female,132.115.115.92
212,Carmela,Mullarkey,cmullarkey5v@blinklist.com,Female,67.95.211.13
213,Codi,Gairdner,cgairdner5w@canalblog.com,Female,69.178.164.89
214,Carrie,Denington,cdenington5x@bluehost.com,Female,57.169.19.158
215,Elfreda,Craghead,ecraghead5y@1und1.de,Female,126.165.5.175
216,Farrand,Abbot,fabbot5z@latimes.com,Female,123.161.163.226
217,Vincenty,Cockman,vcockman60@cdbaby.com,Male,97.174.69.69
218,Royall,Whitchurch,rwhitchurch61@etsy.com,Male,245.152.189.7
219,Ricky,Dood,rdood62@weibo.com,Genderfluid,83.198.134.109
220,Stavros,Pedler,spedler63@issuu.com,Male,27.128.87.242
221,Heath,Winterton,hwinterton64@blogger.com,Female,40.156.222.207
222,Rudolfo,Fitchet,rfitchet65@vimeo.com,Male,237.169.29.179
223,Carmella,Hayland,chayland66@cpanel.net,Female,75.181.99.113
224,Pedro,Maty,pmaty67@dyndns.org,Male,187.141.94.193
225,Natty,Cumine,ncumine68@wunderground.com,Male,10.248.114.195
226,Camilla,Gartshore,cgartshore69@blog.com,Female,47.101.166.108
227,Merv,Himsworth,mhimsworth6a@miibeian.gov.cn,Male,62.114.205.125
228,Maridel,Horley,mhorley6b@goo.gl,Polygender,12.231.62.130
229,Emelda,Klimowski,eklimowski6c@census.gov,Female,62.98.63.54
230,Betti,Vittle,bvittle6d@cyberchimps.com,Female,32.157.189.132
231,Coretta,Crossan,ccrossan6e@ft.com,Female,28.11.112.56
232,Natividad,Onion,nonion6f@usa.gov,Female,243.41.168.208
233,Alyda,Redman,aredman6g@phoca.cz,Female,250.216.57.255
234,Olwen,Lindro,olindro6h@forbes.com,Female,239.29.221.195
235,Lotti,Coyish,lcoyish6i@google.it,Female,164.21.78.35
236,Ermengarde,Chazette,echazette6j@naver.com,Female,163.181.26.81
237,Boote,Guildford,bguildford6k@independent.co.uk,Male,254.129.88.40
238,Alyse,Dundredge,adundredge6l@si.edu,Female,192.212.62.111
239,Verge,Pflieger,vpflieger6m@mapy.cz,Bigender,37.18.24.240
240,Marissa,Van Weedenburg,mvanweedenburg6n@jiathis.com,Female,142.62.133.137
241,Gates,Blackstock,gblackstock6o@goo.ne.jp,Female,203.244.35.80
242,Auria,Fillimore,afillimore6p@discovery.com,Female,97.133.156.118
243,Hagan,Birkhead,hbirkhead6q@samsung.com,Male,121.45.226.63
244,Rolf,Dubber,rdubber6r@mysql.com,Male,158.225.60.153
245,Kerwin,Cryer,kcryer6s@scientificamerican.com,Male,78.252.225.6
246,Kial,Quiddihy,kquiddihy6t@house.gov,Female,117.74.146.241
247,Howard,Vasser,hvasser6u@w3.org,Male,244.146.77.62
248,Merwin,Steele,msteele6v@friendfeed.com,Male,30.209.229.156
249,Niall,Whittaker,nwhittaker6w@woothemes.com,Male,125.205.211.189
250,Craggie,Satch,csatch6x@free.fr,Male,115.166.111.194
251,Janette,Chern,jchern6y@jiathis.com,Female,83.83.140.184
252,Beitris,Morsley,bmorsley6z@marketwatch.com,Female,212.80.158.91
253,Rosana,Kellough,rkellough70@timesonline.co.uk,Female,163.233.67.205
254,Dallon,Doddridge,ddoddridge71@godaddy.com,Male,149.15.223.0
255,Marlow,Insley,minsley72@cam.ac.uk,Male,82.70.161.143
256,Jeremias,Fettes,jfettes73@home.pl,Male,88.156.251.128
257,Gian,Sackes,gsackes74@deliciousdays.com,Male,85.246.62.204
258,Randie,Woodruff,rwoodruff75@prlog.org,Female,132.139.18.31
259,Pat,Raoult,praoult76@senate.gov,Female,99.204.130.222
260,Rriocard,Doogan,rdoogan77@abc.net.au,Male,153.169.88.233
261,Der,Filipychev,dfilipychev78@g.co,Male,249.19.197.163
262,Kendricks,Marion,kmarion79@go.com,Male,247.200.123.183
263,Lindsay,Champneys,lchampneys7a@eventbrite.com,Female,76.28.155.214
264,Royall,Dionis,rdionis7b@simplemachines.org,Male,120.31.63.108
265,Dorris,Janczak,djanczak7c@ucla.edu,Female,9.217.11.186
266,Jehanna,Craft,jcraft7d@jiathis.com,Female,75.164.66.42
267,Chicky,Hembling,chembling7e@cpanel.net,Female,44.232.89.26
268,Casey,Pentelo,cpentelo7f@state.tx.us,Male,25.141.227.65
269,Irv,Flement,iflement7g@dailymotion.com,Male,155.237.237.101
270,Vicky,Audiss,vaudiss7h@cdc.gov,Female,132.161.158.245
271,Adams,Grunder,agrunder7i@huffingtonpost.com,Male,96.103.56.171
272,Mirna,Paddell,mpaddell7j@craigslist.org,Female,225.102.30.168
273,Tades,Billinge,tbillinge7k@addtoany.com,Male,228.177.55.239
274,Carlina,Sydry,csydry7l@clickbank.net,Female,11.107.139.53
275,Dion,Connew,dconnew7m@dmoz.org,Female,88.78.120.166
276,Belva,Jacobs,bjacobs7n@yale.edu,Female,221.31.155.96
277,Bambie,Antunez,bantunez7o@mayoclinic.com,Polygender,28.17.49.185
278,Stern,Teasdale,steasdale7p@weather.com,Male,84.93.112.251
279,Darci,Rowler,drowler7q@sakura.ne.jp,Female,127.198.119.67
280,Julie,Gates,jgates7r@nih.gov,Female,59.173.24.8
281,Jeffie,Mustill,jmustill7s@xrea.com,Male,211.46.16.110
282,Jocelin,Goody,jgoody7t@ucla.edu,Female,74.146.117.207
283,Leeann,Hukin,lhukin7u@blogs.com,Female,243.132.2.185
284,Philip,Haldin,phaldin7v@cocolog-nifty.com,Male,229.72.51.28
285,Cissiee,Scarsbrook,cscarsbrook7w@arizona.edu,Female,38.244.88.147
286,Corabel,O'Toole,cotoole7x@washington.edu,Bigender,167.224.234.212
287,Batholomew,Townby,btownby7y@merriam-webster.com,Male,62.60.242.116
288,Aldous,Eddoes,aeddoes7z@altervista.org,Genderqueer,185.176.117.16
289,Tabatha,Lillo,tlillo80@angelfire.com,Female,56.64.133.44
290,Tabor,Pfeffer,tpfeffer81@csmonitor.com,Male,240.244.4.84
291,Karlik,Copelli,kcopelli82@netscape.com,Male,128.164.79.13
292,Shannen,Palffrey,spalffrey83@nature.com,Female,155.153.94.140
293,Toma,Cremer,tcremer84@t.co,Female,173.227.37.251
294,Lillian,Kubacek,lkubacek85@umich.edu,Female,106.75.71.86
295,Jackie,Powdrill,jpowdrill86@spotify.com,Male,50.204.102.179
296,Johnnie,Blaszkiewicz,jblaszkiewicz87@stanford.edu,Male,119.222.252.224
297,Hurley,Raspison,hraspison88@homestead.com,Male,145.68.110.193
298,Eadith,Griffoen,egriffoen89@edublogs.org,Female,249.81.227.219
299,Ula,Haggar,uhaggar8a@psu.edu,Female,118.200.157.96
300,Hakeem,Maling,hmaling8b@auda.org.au,Male,220.48.223.130
301,Amory,Haslin,ahaslin8c@fastcompany.com,Male,41.29.216.101
302,Geno,Statter,gstatter8d@bloglines.com,Male,235.33.173.88
303,Mark,Swansbury,mswansbury8e@examiner.com,Male,81.11.133.124
304,Jacky,Armin,jarmin8f@webmd.com,Female,112.98.89.14
305,Collete,Meenehan,cmeenehan8g@istockphoto.com,Female,142.129.173.19
306,Joelly,Spykins,jspykins8h@google.fr,Female,101.200.213.186
307,Nedda,Wilkowski,nwilkowski8i@com.com,Female,8.219.138.134
308,Chadwick,Franek,cfranek8j@stumbleupon.com,Male,108.225.169.42
309,Damien,Gregori,dgregori8k@moonfruit.com,Male,170.14.34.233
310,Olga,Ledeker,oledeker8l@globo.com,Female,253.152.44.111
311,Fairleigh,Pauley,fpauley8m@auda.org.au,Male,82.122.19.205
312,Millie,Pitkaithly,mpitkaithly8n@flickr.com,Female,224.216.167.172
313,Zena,MacMorland,zmacmorland8o@cdc.gov,Genderqueer,1.99.6.189
314,Henderson,Elphick,helphick8p@amazon.com,Male,83.69.101.16
315,Brandi,Higford,bhigford8q@home.pl,Female,63.239.79.92
316,Clary,Dolton,cdolton8r@bloomberg.com,Female,139.84.47.35
317,Emilia,Ruddin,eruddin8s@jiathis.com,Female,11.220.37.76
318,Paige,Chesswas,pchesswas8t@netscape.com,Polygender,204.194.163.124
319,Dian,Lloyd,dlloyd8u@cocolog-nifty.com,Female,87.142.235.40
320,Bathsheba,Burress,bburress8v@live.com,Female,255.74.211.144
321,Elsinore,Delyth,edelyth8w@woothemes.com,Female,130.62.126.174
322,Dorolisa,Brastead,dbrastead8x@cornell.edu,Polygender,5.78.233.94
323,Arabella,Videneev,avideneev8y@flickr.com,Female,181.135.154.237
324,Winslow,Ragborne,wragborne8z@myspace.com,Male,215.128.77.168
325,Maggi,Spira,mspira90@bravesites.com,Female,187.69.199.29
326,Merwyn,Danby,mdanby91@sourceforge.net,Agender,190.185.16.216
327,Tomaso,Gaitskell,tgaitskell92@umn.edu,Male,183.4.134.99
328,Lorain,Riches,lriches93@blog.com,Female,223.94.56.159
329,Immanuel,Jendricke,ijendricke94@google.it,Male,28.32.117.51
330,Ambur,Feehily,afeehily95@shop-pro.jp,Female,112.143.29.236
331,Gerek,Denyagin,gdenyagin96@upenn.edu,Male,226.24.20.22
332,Nancee,Tainton,ntainton97@rambler.ru,Female,97.10.205.203
333,Dorian,Beaves,dbeaves98@feedburner.com,Male,50.114.209.175
334,Shawn,Alvarez,salvarez99@washington.edu,Female,47.161.98.2
335,Fae,Machent,fmachent9a@mtv.com,Genderqueer,29.246.104.40
336,Sibelle,Rosendorf,srosendorf9b@cnn.com,Genderqueer,181.100.41.139
337,Anna-diana,Harwood,aharwood9c@latimes.com,Female,245.8.151.200
338,Korrie,Bloodworthe,kbloodworthe9d@kickstarter.com,Female,208.115.187.108
339,Pansie,Nordass,pnordass9e@i2i.jp,Female,37.185.44.190
340,Barnabe,Geffinger,bgeffinger9f@bandcamp.com,Male,228.78.241.38
341,Mattheus,Bellenie,mbellenie9g@g.co,Male,102.44.247.99
342,Justinian,Angove,jangove9h@google.co.jp,Male,240.35.133.211
343,Ignacius,Ficken,ificken9i@google.de,Male,155.96.142.235
344,Ezri,Alyokhin,ealyokhin9j@jigsy.com,Male,221.53.32.176
345,Marcile,Ranken,mranken9k@noaa.gov,Female,223.97.15.47
346,Felix,Barefoot,fbarefoot9l@ebay.co.uk,Male,82.141.97.61
347,Mathias,Smallwood,msmallwood9m@nytimes.com,Male,97.253.39.193
348,Gaylene,Eddington,geddington9n@noaa.gov,Female,141.120.43.234
349,Sanford,Waddingham,swaddingham9o@a8.net,Male,176.133.206.223
350,Corabelle,Pointon,cpointon9p@bizjournals.com,Female,156.81.80.238
351,Katharyn,Sam,ksam9q@blogtalkradio.com,Female,112.57.60.39
352,Di,Wilkison,dwilkison9r@china.com.cn,Female,184.44.64.28
353,Pepita,Butterick,pbutterick9s@fastcompany.com,Female,237.251.81.180
354,Valery,Pearcy,vpearcy9t@themeforest.net,Female,18.153.38.199
355,Josiah,Nendick,jnendick9u@nymag.com,Male,207.156.60.21
356,Cindee,O'Reagan,coreagan9v@mozilla.org,Female,15.193.189.20
357,Guilbert,Marcq,gmarcq9w@seattletimes.com,Male,188.185.41.235
358,Che,Alenshev,calenshev9x@state.tx.us,Male,118.214.25.130
359,Sherill,Labin,slabin9y@mozilla.com,Non-binary,241.23.17.72
360,Guendolen,Roath,groath9z@shop-pro.jp,Female,81.42.252.161
361,Nisse,Hrachovec,nhrachoveca0@amazon.co.uk,Female,181.106.16.249
362,Lenora,MacKee,lmackeea1@marketwatch.com,Female,34.116.214.121
363,Maurita,Porrett,mporretta2@phpbb.com,Female,214.106.150.87
364,Corie,Menicomb,cmenicomba3@phoca.cz,Female,204.24.185.70
365,Etan,Natwick,enatwicka4@ask.com,Male,210.119.210.239
366,Torrance,Kamenar,tkamenara5@businesswire.com,Male,132.211.23.177
367,Mel,Schoenrock,mschoenrocka6@google.com.br,Male,174.105.89.193
368,Lilli,Sipson,lsipsona7@lycos.com,Female,215.207.187.164
369,Didi,Anfusso,danfussoa8@fotki.com,Female,96.170.216.69
370,Fannie,Youde,fyoudea9@guardian.co.uk,Female,3.146.145.148
371,Harriet,Chestney,hchestneyaa@vimeo.com,Female,209.164.120.40
372,Goddart,McConnachie,gmcconnachieab@hhs.gov,Male,240.148.106.184
373,Mellicent,Ducastel,mducastelac@cbc.ca,Female,144.154.175.241
374,Brett,Fillon,bfillonad@weebly.com,Male,52.95.35.49
375,Lishe,Fairchild,lfairchildae@irs.gov,Female,153.242.128.230
376,Brittney,Cochrane,bcochraneaf@tmall.com,Female,105.178.3.11
377,Maryrose,Sirmon,msirmonag@themeforest.net,Female,79.164.53.28
378,Sonnnie,Karadzas,skaradzasah@who.int,Polygender,8.84.4.117
379,Bendicty,Roust,broustai@zimbio.com,Male,186.205.150.80
380,Rivi,Larder,rlarderaj@e-recht24.de,Female,40.239.39.70
381,Randy,Lankford,rlankfordak@state.gov,Male,46.88.26.122
382,Nelson,Jerok,njerokal@shutterfly.com,Bigender,156.46.213.1
383,Sawyer,Gatley,sgatleyam@aol.com,Male,79.111.167.179
384,Silvan,Corless,scorlessan@house.gov,Male,49.106.174.203
385,Kilian,Stit,kstitao@bandcamp.com,Male,3.195.67.72
386,Lief,Hencke,lhenckeap@mac.com,Male,86.145.55.61
387,Fonz,Verling,fverlingaq@flavors.me,Male,161.134.57.251
388,Fidelity,Cleife,fcleifear@wordpress.com,Female,149.107.163.197
389,Louie,Swanton,lswantonas@ocn.ne.jp,Male,122.218.27.75
390,Kimmy,Allgood,kallgoodat@privacy.gov.au,Polygender,66.15.202.127
391,Nellie,Seggie,nseggieau@csmonitor.com,Female,51.199.151.137
392,Hedvige,Wheeler,hwheelerav@indiatimes.com,Female,133.198.28.77
393,Dur,Deviney,ddevineyaw@redcross.org,Male,101.5.28.118
394,Skippie,McVicker,smcvickerax@ustream.tv,Male,137.80.163.108
395,Red,Botting,rbottingay@amazon.co.jp,Male,239.159.69.103
396,Ingrid,Bison,ibisonaz@dot.gov,Female,204.158.9.215
397,Corty,Cambling,ccamblingb0@newsvine.com,Male,82.125.204.47
398,De witt,Brantl,dbrantlb1@exblog.jp,Male,249.27.55.25
399,Shannan,Paffett,spaffettb2@intel.com,Non-binary,143.26.223.150
400,Lyn,O'Shiels,loshielsb3@elegantthemes.com,Female,62.38.113.234
401,Sibyl,Shearstone,sshearstoneb4@blinklist.com,Male,3.34.129.85
402,Mari,Brasse,mbrasseb5@umn.edu,Female,10.215.52.79
403,Raquel,Pittoli,rpittolib6@seattletimes.com,Female,69.149.33.90
404,Rey,Dawe,rdaweb7@meetup.com,Female,78.115.143.227
405,Kendall,Beckhurst,kbeckhurstb8@cnn.com,Male,167.237.160.227
406,Fifine,Plott,fplottb9@i2i.jp,Female,29.232.212.114
407,Sean,Grimwad,sgrimwadba@stanford.edu,Female,211.41.80.223
408,Tiffanie,Trigwell,ttrigwellbb@msn.com,Polygender,220.112.102.200
409,Marlin,Cruikshank,mcruikshankbc@samsung.com,Male,172.183.23.25
410,Gabriele,Lowten,glowtenbd@twitpic.com,Male,22.141.70.84
411,Clarke,Ollington,collingtonbe@com.com,Male,189.91.53.214
412,Aylmar,Rouff,arouffbf@hostgator.com,Male,227.156.118.14
413,Coraline,Edmead,cedmeadbg@acquirethisname.com,Female,225.84.91.59
414,Miner,Eggers,meggersbh@cpanel.net,Male,80.37.67.152
415,Michal,Waistell,mwaistellbi@umich.edu,Female,248.151.76.162
416,Janey,Courteney,jcourteneybj@uol.com.br,Female,208.182.173.113
417,Buiron,Luxon,bluxonbk@vinaora.com,Male,12.119.139.120
418,Zachery,Benitez,zbenitezbl@google.co.jp,Male,127.140.159.84
419,Gabriella,Darlington,gdarlingtonbm@ning.com,Female,59.39.208.10
420,Lane,Feeham,lfeehambn@foxnews.com,Male,139.8.11.105
421,Sibel,Spacie,sspaciebo@whitehouse.gov,Female,21.155.131.247
422,Michaella,Stavers,mstaversbp@patch.com,Genderqueer,249.29.161.47
423,Kristoforo,Scad,kscadbq@gnu.org,Male,57.234.180.85
424,Lewes,Hamel,lhamelbr@baidu.com,Male,112.43.234.174
425,Dewitt,Nial,dnialbs@dmoz.org,Male,90.93.189.34
426,Crista,Maneylaws,cmaneylawsbt@epa.gov,Female,55.35.96.134
427,Isa,Benley,ibenleybu@bing.com,Male,167.104.90.234
428,Aline,Shoesmith,ashoesmithbv@rediff.com,Female,108.198.77.81
429,Claudia,Duffrie,cduffriebw@uol.com.br,Female,155.128.245.97
430,Teodorico,Law,tlawbx@storify.com,Male,158.136.32.203
431,Reece,Habgood,rhabgoodby@meetup.com,Male,233.191.246.247
432,Stanley,Calley,scalleybz@theguardian.com,Male,89.72.248.199
433,Liz,Gallone,lgallonec0@privacy.gov.au,Female,247.56.87.233
434,Ivar,Iacobassi,iiacobassic1@constantcontact.com,Male,110.169.241.87
435,Henrik,Pettifer,hpettiferc2@jigsy.com,Male,164.103.67.207
436,Gus,Coling,gcolingc3@canalblog.com,Male,158.213.33.252
437,Zacharie,Turl,zturlc4@mail.ru,Male,236.3.65.121
438,Diannne,Joyner,djoynerc5@mysql.com,Female,77.106.172.172
439,Lucas,Hassett,lhassettc6@dyndns.org,Male,222.49.250.112
440,Ilka,Breukelman,ibreukelmanc7@zdnet.com,Female,140.71.182.35
441,Lizette,Mullinder,lmullinderc8@feedburner.com,Female,250.251.145.237
442,Kayla,Eddolls,keddollsc9@ibm.com,Female,156.89.192.121
443,Adara,Snowsill,asnowsillca@github.io,Female,17.211.250.44
444,Lind,Antoniewski,lantoniewskicb@fc2.com,Female,203.114.211.88
445,Lindie,Petrelli,lpetrellicc@businesswire.com,Female,95.143.173.114
446,Randell,Charpling,rcharplingcd@shareasale.com,Male,8.219.229.145
447,Jacki,Noseworthy,jnoseworthyce@huffingtonpost.com,Female,198.17.122.114
448,Trixy,Lamb,tlambcf@bravesites.com,Female,171.25.14.167
449,Torrin,Mowlam,tmowlamcg@github.io,Male,100.245.218.111
450,Brooks,Hotchkin,bhotchkinch@ameblo.jp,Male,226.9.223.123
451,Edi,Ettritch,eettritchci@surveymonkey.com,Female,43.3.100.141
452,Glory,Crilly,gcrillycj@biblegateway.com,Female,8.246.218.14
453,Rahal,Forsyde,rforsydeck@drupal.org,Female,73.240.113.58
454,Baron,Girardey,bgirardeycl@51.la,Male,132.243.193.248
455,Ogdan,Schoffler,oschofflercm@amazon.co.uk,Male,92.69.133.194
456,Jackie,Malkin,jmalkincn@spiegel.de,Polygender,180.179.136.240
457,Essa,Minards,eminardsco@weibo.com,Female,50.214.185.191
458,Cassandre,Mokes,cmokescp@sitemeter.com,Non-binary,217.250.137.5
459,Nealy,Vears,nvearscq@blinklist.com,Polygender,126.201.23.80
460,Ulrike,Quinney,uquinneycr@mlb.com,Female,152.121.90.146
461,Cally,Streets,cstreetscs@upenn.edu,Polygender,166.71.13.4
462,Dorella,Taffe,dtaffect@webs.com,Female,206.57.225.131
463,Brad,Melmore,bmelmorecu@behance.net,Male,8.190.94.103
464,Adelbert,Ferrettino,aferrettinocv@bbc.co.uk,Male,235.136.60.174
465,Averyl,Betjes,abetjescw@etsy.com,Female,88.77.116.0
466,Bone,Routhorn,brouthorncx@wix.com,Male,206.13.179.14
467,Giorgio,Karslake,gkarslakecy@ning.com,Male,37.201.8.31
468,Thornton,Wilmington,twilmingtoncz@simplemachines.org,Genderqueer,76.239.51.125
469,Chucho,Harry,charryd0@list-manage.com,Male,119.182.18.18
470,Denney,Scrowby,dscrowbyd1@infoseek.co.jp,Male,45.241.39.192
471,Brand,Rodd,broddd2@digg.com,Non-binary,223.32.199.199
472,Virginia,Wailes,vwailesd3@admin.ch,Female,173.86.111.86
473,Lauryn,Redwall,lredwalld4@geocities.jp,Agender,151.217.58.163
474,Carroll,Maywood,cmaywoodd5@photobucket.com,Male,212.180.30.43
475,Bertie,Paxman,bpaxmand6@php.net,Male,237.74.82.251
476,Shannon,Kovelmann,skovelmannd7@istockphoto.com,Male,207.60.124.92
477,Jarib,Lumby,jlumbyd8@hexun.com,Male,38.190.229.77
478,Reine,Reeveley,rreeveleyd9@hubpages.com,Female,91.15.202.150
479,Abel,Paulisch,apaulischda@sohu.com,Male,82.93.157.156
480,Essie,Whittenbury,ewhittenburydb@ucsd.edu,Female,172.231.46.162
481,Harbert,Skeldinge,hskeldingedc@virginia.edu,Male,157.59.96.207
482,Tonie,Edmeades,tedmeadesdd@amazon.co.uk,Female,101.222.55.242
483,Kearney,Revel,krevelde@google.es,Bigender,6.177.198.73
484,Priscella,Bradburne,pbradburnedf@a8.net,Female,213.133.69.9
485,Orelle,Abramchik,oabramchikdg@ocn.ne.jp,Female,48.209.19.127
486,Jourdan,McColl,jmccolldh@pbs.org,Female,68.238.11.87
487,Willi,Derrett,wderrettdi@google.nl,Agender,172.131.60.205
488,Clyde,Halsted,chalsteddj@aboutads.info,Male,169.78.142.128
489,Justin,Storcke,jstorckedk@liveinternet.ru,Male,143.147.74.163
490,Calv,Blandamere,cblandameredl@forbes.com,Male,127.77.55.189
491,Chrissy,Lanney,clanneydm@theatlantic.com,Male,251.35.220.207
492,Bobbi,Markovich,bmarkovichdn@columbia.edu,Genderfluid,209.233.226.111
493,Irwinn,McKinnon,imckinnondo@google.de,Male,103.246.88.21
494,Kettie,Tregenna,ktregennadp@ehow.com,Female,122.163.212.236
495,Lexie,Nickols,lnickolsdq@telegraph.co.uk,Female,116.159.101.226
496,Theodora,Yonge,tyongedr@dot.gov,Female,86.253.129.199
497,Alexio,Puckey,apuckeyds@mayoclinic.com,Male,52.166.227.221
498,Karalee,Sains,ksainsdt@e-recht24.de,Female,69.199.215.66
499,Aube,Dametti,adamettidu@google.nl,Male,42.95.46.130
500,Moore,Eastop,meastopdv@symantec.com,Male,153.14.192.84
501,Benni,Goodayle,bgoodayledw@cbc.ca,Female,138.164.112.113
502,Raynard,Eddis,reddisdx@pinterest.com,Male,0.72.100.135
503,Jacenta,Cassy,jcassydy@mozilla.org,Female,10.109.137.113
504,Brandy,MacCaughen,bmaccaughendz@skype.com,Male,217.22.97.162
505,Darby,Boxer,dboxere0@techcrunch.com,Male,171.218.0.65
506,Creight,Goter,cgotere1@indiatimes.com,Male,65.33.197.86
507,Othello,McMurray,omcmurraye2@mozilla.org,Male,55.6.5.17
508,Maryl,Trimbey,mtrimbeye3@diigo.com,Female,32.209.210.248
509,Fania,Dine-Hart,fdineharte4@house.gov,Female,140.126.151.111
510,Peyton,Baldung,pbaldunge5@csmonitor.com,Male,233.50.225.167
511,Rafe,Langsdon,rlangsdone6@reuters.com,Male,67.55.60.214
512,Yorgo,Cockill,ycockille7@instagram.com,Male,54.46.195.202
513,Hetti,MacKowle,hmackowlee8@bigcartel.com,Female,191.110.132.92
514,Godfree,Glasbey,gglasbeye9@quantcast.com,Male,153.51.93.135
515,Maible,Tonry,mtonryea@who.int,Female,188.136.5.44
516,Jayne,Jallin,jjallineb@foxnews.com,Female,135.57.76.34
517,Nap,Agg,naggec@tinyurl.com,Male,17.63.211.42
518,Haywood,Madge,hmadgeed@deviantart.com,Male,93.171.175.27
519,Kathi,Merriman,kmerrimanee@jugem.jp,Female,7.240.76.219
520,Bennett,Quadling,bquadlingef@bluehost.com,Male,22.165.16.73
521,Fred,Jaze,fjazeeg@gravatar.com,Female,238.21.254.19
522,Gabbie,Rushby,grushbyeh@ed.gov,Male,48.232.61.67
523,Bessie,Bolsover,bbolsoverei@cnbc.com,Female,175.29.213.86
524,Terrel,Bourbon,tbourbonej@ebay.co.uk,Male,16.17.154.46
525,Roderick,Harrod,rharrodek@oracle.com,Male,109.172.37.75
526,Fidela,Rolley,frolleyel@nasa.gov,Female,181.217.71.99
527,Brok,Kittredge,bkittredgeem@canalblog.com,Male,241.73.180.85
528,Sileas,Scrogges,sscroggesen@alibaba.com,Female,92.19.255.95
529,Susy,Le Bosse,slebosseeo@rambler.ru,Female,246.62.106.202
530,Blanch,Styles,bstylesep@dion.ne.jp,Female,203.219.26.118
531,Carmencita,Pender,cpendereq@zimbio.com,Female,242.245.226.125
532,Adela,Eskrick,aeskricker@ning.com,Female,184.191.57.66
533,Abba,Zavattiero,azavattieroes@cnn.com,Male,7.192.248.145
534,Clare,Blackett,cblackettet@hhs.gov,Male,75.111.31.87
535,Whittaker,Placidi,wplacidieu@guardian.co.uk,Male,105.237.221.204
536,Brana,Toby,btobyev@pcworld.com,Genderqueer,32.171.49.185
537,Janessa,Alty,jaltyew@chronoengine.com,Female,126.101.248.126
538,Ailis,Beggs,abeggsex@istockphoto.com,Female,155.174.224.166
539,Chandra,Kramer,ckramerey@eventbrite.com,Female,212.25.170.41
540,Peyton,Nozzolinii,pnozzoliniiez@angelfire.com,Male,107.158.107.254
541,Barbie,Ousbie,bousbief0@123-reg.co.uk,Female,114.2.216.43
542,Adey,Eichmann,aeichmannf1@senate.gov,Female,5.35.127.216
543,Gunar,Duplock,gduplockf2@newyorker.com,Male,170.33.222.215
544,Jodi,Kassman,jkassmanf3@miitbeian.gov.cn,Female,124.47.200.228
545,Jeno,Jeremiah,jjeremiahf4@bluehost.com,Male,225.155.122.175
546,Konstantin,Dunlap,kdunlapf5@microsoft.com,Male,146.158.134.135
547,Minor,Bockin,mbockinf6@360.cn,Male,73.196.232.58
548,Myrvyn,Blaksland,mblakslandf7@myspace.com,Male,6.154.187.21
549,Munroe,Davydkov,mdavydkovf8@sitemeter.com,Male,136.204.238.138
550,Rand,Stallard,rstallardf9@w3.org,Male,222.169.197.106
551,Brietta,Dyter,bdyterfa@narod.ru,Female,209.132.246.89
552,Ashia,Kinchlea,akinchleafb@blog.com,Female,248.254.170.205
553,Blaine,Fricke,bfrickefc@linkedin.com,Male,184.81.219.215
554,Stevena,Scothorn,sscothornfd@ucla.edu,Female,193.73.45.249
555,Carver,Silkstone,csilkstonefe@ft.com,Male,125.231.19.117
556,Boniface,Scamaden,bscamadenff@google.nl,Male,188.189.210.32
557,Arvie,Salt,asaltfg@php.net,Male,29.37.132.153
558,Magdalene,Maccrie,mmaccriefh@epa.gov,Female,172.216.65.210
559,Adrianne,Hrycek,ahrycekfi@biglobe.ne.jp,Polygender,94.226.203.128
560,Beverley,Dadley,bdadleyfj@narod.ru,Female,251.150.175.159
561,Rivkah,MacAnulty,rmacanultyfk@wikia.com,Female,162.241.234.67
562,Gaspar,O'Bradden,gobraddenfl@google.fr,Male,76.169.82.42
563,Jard,Boreland,jborelandfm@ibm.com,Male,170.217.68.78
564,Brook,Alvares,balvaresfn@senate.gov,Female,59.163.178.37
565,Conney,Buxy,cbuxyfo@last.fm,Male,2.163.90.244
566,Bonnie,Doree,bdoreefp@symantec.com,Female,196.80.114.101
567,Grenville,Dunnan,gdunnanfq@nsw.gov.au,Male,93.71.200.128
568,Florencia,Apted,faptedfr@sfgate.com,Female,146.73.112.94
569,Jobie,Winch,jwinchfs@typepad.com,Female,221.67.154.114
570,Zacharia,Wickett,zwickettft@salon.com,Bigender,142.89.95.94
571,Ofella,Hardbattle,ohardbattlefu@unicef.org,Female,176.22.79.25
572,Rolland,Pratchett,rpratchettfv@yahoo.co.jp,Male,67.130.166.172
573,Buiron,Wroughton,bwroughtonfw@sakura.ne.jp,Male,98.207.70.33
574,Pepita,Somersett,psomersettfx@blogs.com,Female,60.54.65.85
575,Randene,Schnitter,rschnitterfy@bizjournals.com,Genderqueer,142.252.148.242
576,Ethan,Conachie,econachiefz@ow.ly,Male,208.173.121.132
577,Laird,Dahlgren,ldahlgreng0@seattletimes.com,Male,120.77.116.227
578,Lisetta,Nazaret,lnazaretg1@timesonline.co.uk,Female,16.4.100.54
579,Genvieve,Pech,gpechg2@rediff.com,Female,7.195.139.198
580,Torey,Dyball,tdyballg3@people.com.cn,Female,12.26.187.135
581,Avrit,Grahame,agrahameg4@sakura.ne.jp,Female,128.151.32.151
582,Marijn,Dorkin,mdorking5@lulu.com,Non-binary,21.111.168.146
583,Marice,Kelly,mkellyg6@msn.com,Agender,84.153.89.120
584,Rourke,Kynder,rkynderg7@jugem.jp,Non-binary,139.240.229.142
585,Burgess,Haithwaite,bhaithwaiteg8@webs.com,Male,247.192.123.188
586,Kristin,Matussow,kmatussowg9@weibo.com,Female,238.23.164.226
587,Lavena,Bower,lbowerga@blogspot.com,Female,34.155.220.14
588,Rick,Hamelyn,rhamelyngb@pagesperso-orange.fr,Male,159.123.112.40
589,Margarette,Heales,mhealesgc@godaddy.com,Female,108.232.147.247
590,Ellerey,Northcott,enorthcottgd@zimbio.com,Male,222.120.129.229
591,Jocelyne,Pencott,jpencottge@google.co.jp,Female,38.110.254.237
592,Anatole,Northover,anorthovergf@nifty.com,Male,115.196.247.249
593,Harold,Lavrick,hlavrickgg@csmonitor.com,Male,119.202.183.239
594,Tedda,Boog,tbooggh@bigcartel.com,Female,35.254.111.227
595,Kalil,Chirm,kchirmgi@microsoft.com,Male,111.179.164.149
596,Karlens,Bourcq,kbourcqgj@jimdo.com,Male,83.253.95.65
597,Sidonnie,Digwood,sdigwoodgk@unicef.org,Female,17.208.41.209
598,Reube,Slade,rsladegl@ocn.ne.jp,Male,221.73.58.127
599,Jonah,Partridge,jpartridgegm@tumblr.com,Male,1.45.148.36
600,Bertie,Skittrall,bskittrallgn@adobe.com,Genderqueer,95.153.105.21
601,Filide,Tommasuzzi,ftommasuzzigo@aboutads.info,Female,12.151.118.199
602,Louie,Paddie,lpaddiegp@linkedin.com,Male,31.53.52.182
603,Allistir,Crotty,acrottygq@mozilla.com,Male,234.167.176.50
604,Kendra,Mcall,kmcallgr@samsung.com,Female,111.202.237.36
605,Carley,Southway,csouthwaygs@bandcamp.com,Genderfluid,252.104.159.102
606,Dyana,Elliston,dellistongt@indiegogo.com,Female,154.219.247.212
607,Cristionna,MacGauhy,cmacgauhygu@alexa.com,Female,108.201.202.103
608,Mar,Baggot,mbaggotgv@disqus.com,Male,109.171.188.184
609,Darlene,Faragher,dfaraghergw@ycombinator.com,Bigender,50.106.188.249
610,Isahella,Skalls,iskallsgx@ucoz.com,Female,197.239.42.45
611,Rene,Mebius,rmebiusgy@cloudflare.com,Male,78.255.56.245
612,Elsinore,Grzesiak,egrzesiakgz@list-manage.com,Female,211.40.20.136
613,Gaven,Simpkins,gsimpkinsh0@geocities.com,Male,95.22.171.80
614,Charis,Louedey,clouedeyh1@trellian.com,Female,226.199.198.168
615,Claus,Ruslen,cruslenh2@gmpg.org,Male,30.238.251.77
616,Eileen,Callard,ecallardh3@sfgate.com,Non-binary,214.187.12.144
617,Ernaline,Sonnenschein,esonnenscheinh4@statcounter.com,Female,249.120.17.175
618,Puff,Gilman,pgilmanh5@dmoz.org,Male,2.133.86.133
619,Donnamarie,Kleyn,dkleynh6@yellowbook.com,Female,104.59.77.67
620,Celisse,McKevitt,cmckevitth7@icio.us,Female,62.74.120.108
621,Bale,Pettingall,bpettingallh8@google.it,Male,27.170.222.185
622,Raffaello,Balm,rbalmh9@mapquest.com,Male,181.228.82.118
623,Trixi,Yeld,tyeldha@jalbum.net,Female,175.253.220.6
624,Bing,Kempshall,bkempshallhb@woothemes.com,Male,120.204.202.232
625,Dulsea,Frentz,dfrentzhc@about.me,Genderqueer,7.156.238.96
626,Danya,Boxe,dboxehd@comcast.net,Male,58.90.184.39
627,Bess,Velasquez,bvelasquezhe@state.tx.us,Female,92.210.191.105
628,Timmy,Harper,tharperhf@google.co.uk,Male,90.123.95.15
629,Shane,Cellier,scellierhg@cnbc.com,Female,135.230.140.12
630,Dyna,Beddall,dbeddallhh@soundcloud.com,Female,214.177.120.119
631,Annie,Soff,asoffhi@walmart.com,Female,150.167.7.120
632,Lutero,Schieferstein,lschiefersteinhj@odnoklassniki.ru,Male,50.119.201.25
633,Jenica,Payne,jpaynehk@dropbox.com,Polygender,132.182.162.241
634,Pegeen,Moulden,pmouldenhl@example.com,Female,66.49.202.207
635,Harriett,Kettel,hkettelhm@baidu.com,Female,8.195.212.199
636,Levy,Cattow,lcattowhn@last.fm,Male,235.65.11.100
637,Codie,Arington,caringtonho@dmoz.org,Male,213.233.118.78
638,Leesa,Bratty,lbrattyhp@nymag.com,Female,206.12.70.197
639,Boote,Stangroom,bstangroomhq@mtv.com,Male,110.52.230.150
640,Anderea,Openshaw,aopenshawhr@ycombinator.com,Female,156.55.134.0
641,Gottfried,Thacker,gthackerhs@sfgate.com,Male,93.87.86.86
642,Ryann,Howatt,rhowattht@sciencedirect.com,Bigender,215.144.201.12
643,Eimile,Geillier,egeillierhu@linkedin.com,Female,109.212.245.27
644,Felicle,Fuzzard,ffuzzardhv@mediafire.com,Female,23.60.20.74
645,Bryana,Owbrick,bowbrickhw@telegraph.co.uk,Female,15.142.249.7
646,Wilow,Orum,worumhx@alibaba.com,Female,103.107.185.202
647,Carmine,Richel,crichelhy@facebook.com,Male,15.131.171.35
648,Christie,Snape,csnapehz@telegraph.co.uk,Male,135.74.23.61
649,Bethanne,Terrell,bterrelli0@dion.ne.jp,Female,40.201.21.86
650,Shandy,Manvelle,smanvellei1@home.pl,Female,231.2.89.102
651,Haywood,Matisoff,hmatisoffi2@salon.com,Male,232.113.67.78
652,Mycah,Stoner,mstoneri3@virginia.edu,Male,3.129.131.109
653,Shaun,Showl,sshowli4@webeden.co.uk,Female,73.154.242.182
654,Ariela,Gowdridge,agowdridgei5@com.com,Female,232.127.47.177
655,Abraham,Liger,aligeri6@t-online.de,Male,203.16.34.13
656,Jaquelyn,Corbould,jcorbouldi7@purevolume.com,Female,208.230.158.172
657,Percy,Pietrusiak,ppietrusiaki8@berkeley.edu,Male,172.192.31.94
658,Jerrie,Dovidian,jdovidiani9@microsoft.com,Female,206.167.165.234
659,Dionne,Margetts,dmargettsia@indiegogo.com,Female,117.70.184.28
660,Korie,Coxhead,kcoxheadib@hc360.com,Female,89.48.129.35
661,Chilton,Bernardi,cbernardiic@toplist.cz,Male,193.232.156.181
662,Kai,Divis,kdivisid@nba.com,Female,138.69.172.190
663,Emili,Drinkall,edrinkallie@examiner.com,Female,142.219.170.105
664,Matthiew,Larimer,mlarimerif@alibaba.com,Male,128.224.179.92
665,Simone,Dellar,sdellarig@mozilla.com,Male,160.25.3.202
666,Christoffer,Katte,ckatteih@senate.gov,Male,231.1.61.86
667,Griz,Wickmann,gwickmannii@ted.com,Male,15.58.41.19
668,Eveline,Bartleman,ebartlemanij@slashdot.org,Female,210.107.251.216
669,Corrine,Peaddie,cpeaddieik@cyberchimps.com,Female,153.20.49.137
670,Berget,von Grollmann,bvongrollmannil@seattletimes.com,Female,214.41.116.11
671,Bobbie,Hamber,bhamberim@wsj.com,Male,45.8.56.75
672,Ogden,Tapton,otaptonin@alexa.com,Male,145.79.205.12
673,Rodge,Kleinhaut,rkleinhautio@live.com,Male,161.70.103.140
674,Cornie,Sivier,csivierip@jigsy.com,Female,71.188.21.250
675,Marty,Dunton,mduntoniq@guardian.co.uk,Female,213.39.208.217
676,Valida,Howood,vhowoodir@t-online.de,Female,239.49.11.186
677,Stanford,Manuely,smanuelyis@tinyurl.com,Male,82.169.133.184
678,Davis,Creevy,dcreevyit@hexun.com,Male,251.4.222.49
679,Jeanne,Dik,jdikiu@gizmodo.com,Female,176.212.217.39
680,Nathanial,Damant,ndamantiv@issuu.com,Male,78.210.184.95
681,Ileana,Jekel,ijekeliw@sphinn.com,Female,249.174.130.243
682,Jenny,Hargerie,jhargerieix@360.cn,Female,180.109.178.49
683,Claribel,Mendus,cmendusiy@seesaa.net,Female,198.119.194.51
684,Margette,Tripp,mtrippiz@archive.org,Female,164.25.47.178
685,Fransisco,Vergine,fverginej0@state.gov,Male,193.189.160.183
686,Mariel,Birkin,mbirkinj1@cornell.edu,Female,241.23.170.245
687,Ted,Darling,tdarlingj2@tinypic.com,Polygender,231.151.11.160
688,Sandy,Gawen,sgawenj3@friendfeed.com,Male,195.19.43.24
689,Findley,Crew,fcrewj4@lulu.com,Male,63.110.18.132
690,Jayme,Chedgey,jchedgeyj5@wiley.com,Male,83.12.145.47
691,Germaine,Roskams,groskamsj6@tiny.cc,Male,89.194.195.28
692,Craggy,Farden,cfardenj7@imgur.com,Male,61.255.50.169
693,Doralyn,Attwater,dattwaterj8@google.ru,Female,160.194.91.148
694,Letitia,Sneddon,lsneddonj9@godaddy.com,Female,124.129.68.81
695,Joell,Devennie,jdevennieja@vistaprint.com,Female,224.68.91.73
696,Isaac,O'Hartnedy,iohartnedyjb@de.vu,Male,168.98.69.149
697,Lishe,Skechley,lskechleyjc@dion.ne.jp,Female,242.120.132.115
698,Shandeigh,Doick,sdoickjd@timesonline.co.uk,Female,40.38.228.138
699,Turner,Giacobillo,tgiacobilloje@nbcnews.com,Male,27.207.75.29
700,Lombard,Lawrence,llawrencejf@narod.ru,Male,47.92.103.60
701,Floyd,Truitt,ftruittjg@sina.com.cn,Male,16.4.224.241
702,Burnard,Pimer,bpimerjh@washingtonpost.com,Male,231.215.74.167
703,Tiebold,Comiam,tcomiamji@statcounter.com,Male,111.63.17.99
704,Astrix,Treweela,atreweelajj@last.fm,Female,243.210.170.45
705,Carmine,Phillpotts,cphillpottsjk@uiuc.edu,Male,172.62.239.167
706,Garik,Fawkes,gfawkesjl@edublogs.org,Agender,253.208.154.230
707,Marrissa,Gossipin,mgossipinjm@smugmug.com,Female,106.24.21.147
708,Buck,Groll,bgrolljn@yahoo.co.jp,Male,20.23.56.100
709,Des,Eggle,degglejo@forbes.com,Genderfluid,50.18.85.195
710,Phebe,Hawksley,phawksleyjp@smugmug.com,Bigender,65.2.146.222
711,Shela,Gambles,sgamblesjq@pagesperso-orange.fr,Female,131.147.13.225
712,Byran,Caveau,bcaveaujr@europa.eu,Male,32.230.2.126
713,Rayner,Freen,rfreenjs@addthis.com,Genderqueer,105.115.123.123
714,Antonino,Idney,aidneyjt@hostgator.com,Male,97.37.124.52
715,Rouvin,Keuntje,rkeuntjeju@google.com.br,Male,75.82.229.82
716,Harrie,Eathorne,heathornejv@reddit.com,Female,215.72.214.123
717,Mildred,Duddan,mduddanjw@whitehouse.gov,Female,253.109.80.102
718,Werner,Dullingham,wdullinghamjx@digg.com,Genderqueer,116.143.84.251
719,Alic,Dungey,adungeyjy@hexun.com,Male,237.119.205.203
720,Arvie,McCrillis,amccrillisjz@sakura.ne.jp,Male,12.153.17.197
721,Anallise,Kunrad,akunradk0@ibm.com,Female,129.203.168.187
722,Cassie,Tyrer,ctyrerk1@reuters.com,Male,151.77.191.72
723,Leese,Jilliss,ljillissk2@reference.com,Female,159.171.67.173
724,Manon,Hold,mholdk3@geocities.jp,Female,39.114.57.158
725,Carla,O'Donegan,codonegank4@reuters.com,Female,221.57.4.93
726,Urbanus,Ginsie,uginsiek5@posterous.com,Male,191.78.127.124
727,Pete,Mealand,pmealandk6@sciencedirect.com,Male,120.159.165.138
728,Murdoch,Briers,mbriersk7@dailymail.co.uk,Genderqueer,112.2.27.241
729,Bertie,Regus,bregusk8@npr.org,Male,104.246.90.123
730,Richmond,Berrey,rberreyk9@biblegateway.com,Male,129.137.163.145
731,Saw,Bartot,sbartotka@list-manage.com,Male,104.0.6.242
732,Chadd,Synder,csynderkb@marketwatch.com,Male,50.87.243.99
733,Zerk,Licas,zlicaskc@scientificamerican.com,Male,238.188.184.212
734,Nadiya,Bradlaugh,nbradlaughkd@narod.ru,Female,0.66.152.165
735,Inger,Thornton-Dewhirst,ithorntondewhirstke@irs.gov,Male,152.67.196.230
736,Almeta,Forson,aforsonkf@sina.com.cn,Female,51.231.108.158
737,Feliza,Wrenn,fwrennkg@reddit.com,Female,145.36.199.219
738,Estel,Yarnell,eyarnellkh@ox.ac.uk,Female,46.161.58.204
739,Shea,Steffens,ssteffenski@e-recht24.de,Male,67.162.39.108
740,Nikolaos,Gimblet,ngimbletkj@baidu.com,Male,18.250.208.73
741,Koral,Fewings,kfewingskk@list-manage.com,Female,123.58.183.150
742,Maximo,Westnedge,mwestnedgekl@live.com,Male,166.17.99.107
743,Kaila,Trouncer,ktrouncerkm@blogtalkradio.com,Female,239.217.17.178
744,Thatcher,McKnockiter,tmcknockiterkn@twitpic.com,Male,196.212.82.144
745,Stanly,Hallihane,shallihaneko@etsy.com,Male,221.242.142.97
746,Loren,Poytheras,lpoytheraskp@deviantart.com,Male,22.25.89.170
747,Denny,Eastgate,deastgatekq@auda.org.au,Male,142.50.211.190
748,Buddie,Harman,bharmankr@ehow.com,Male,25.221.225.101
749,Doro,Bartens,dbartensks@princeton.edu,Female,143.200.146.195
750,Bellanca,Browne,bbrownekt@example.com,Female,194.164.4.227
751,Borden,Foggarty,bfoggartyku@artisteer.com,Male,140.187.74.239
752,Sissie,Phetteplace,sphetteplacekv@hao123.com,Female,245.6.220.161
753,Ignace,Sawle,isawlekw@yellowpages.com,Male,81.26.104.200
754,Anthony,Tappor,atapporkx@theatlantic.com,Genderfluid,164.61.100.242
755,Camile,Daglish,cdaglishky@reuters.com,Female,79.130.111.26
756,Ysabel,Isakovic,yisakovickz@twitpic.com,Female,91.246.146.207
757,Dimitri,Fulker,dfulkerl0@house.gov,Male,61.97.25.28
758,Rosaleen,Dron,rdronl1@cbslocal.com,Female,152.77.213.198
759,Howard,Burree,hburreel2@ovh.net,Male,222.122.137.254
760,Booth,Gilbard,bgilbardl3@oaic.gov.au,Male,184.68.201.225
761,Tarrah,Edghinn,tedghinnl4@google.com.au,Female,64.229.134.202
762,Curcio,Christoffersen,cchristoffersenl5@wordpress.com,Male,133.103.177.168
763,Ethelda,Furmonger,efurmongerl6@instagram.com,Female,48.132.152.198
764,Shell,Wigzell,swigzelll7@bravesites.com,Female,143.39.194.80
765,Papagena,Sessuns,psessunsl8@w3.org,Female,64.177.99.211
766,Edik,Petteford,epettefordl9@home.pl,Male,127.250.204.251
767,Ruth,Corkill,rcorkillla@archive.org,Bigender,163.104.111.142
768,Delphinia,Duffan,dduffanlb@prweb.com,Genderqueer,44.121.244.230
769,Brandy,Cook,bcooklc@buzzfeed.com,Male,184.250.234.217
770,Cal,Olin,colinld@blinklist.com,Male,147.228.93.129
771,Franchot,Ledbetter,fledbetterle@pen.io,Male,48.248.198.238
772,Oswell,Rankling,oranklinglf@google.ru,Male,176.191.66.130
773,Blanca,Arnell,barnelllg@wiley.com,Female,88.240.15.217
774,Lesya,Haker,lhakerlh@army.mil,Polygender,5.75.168.132
775,Vida,Dyet,vdyetli@auda.org.au,Female,136.202.8.85
776,Harriett,Novelli,hnovellilj@hc360.com,Genderfluid,248.82.136.212
777,Colver,Spincks,cspinckslk@addthis.com,Male,138.183.93.179
778,Konstanze,Baskerfield,kbaskerfieldll@hao123.com,Female,66.129.130.153
779,Carine,Morpeth,cmorpethlm@pagesperso-orange.fr,Female,113.138.173.124
780,Hunt,Cordaroy,hcordaroyln@mit.edu,Genderfluid,69.32.92.123
781,Anne-corinne,Bolley,abolleylo@is.gd,Female,49.10.255.41
782,Nadeen,Gimson,ngimsonlp@com.com,Non-binary,9.63.34.123
783,Sonni,Gwyneth,sgwynethlq@hibu.com,Female,227.150.194.202
784,Granny,Endle,gendlelr@prnewswire.com,Male,53.141.7.53
785,Pete,Corryer,pcorryerls@cam.ac.uk,Male,159.77.157.193
786,Alanson,Lamperti,alampertilt@google.com.hk,Male,86.81.117.128
787,Susy,Dudson,sdudsonlu@vimeo.com,Female,246.145.208.170
788,Saunderson,Trott,strottlv@theglobeandmail.com,Male,143.67.109.95
789,Wynne,Sage,wsagelw@businessinsider.com,Female,76.109.16.184
790,Shell,Cicconettii,scicconettiilx@dagondesign.com,Female,5.255.107.0
791,Daria,Maclaine,dmaclainely@google.co.jp,Polygender,188.193.121.155
792,Hadlee,Coghlin,hcoghlinlz@samsung.com,Male,191.254.170.4
793,Elia,Gretton,egrettonm0@umn.edu,Male,130.13.204.146
794,Dion,Boddie,dboddiem1@eepurl.com,Male,206.159.72.61
795,Erin,Landor,elandorm2@globo.com,Male,192.151.150.194
796,Trudey,Pilfold,tpilfoldm3@comcast.net,Agender,27.44.216.185
797,Lamar,Geekie,lgeekiem4@mapquest.com,Male,226.250.44.120
798,Bevin,Croucher,bcroucherm5@ustream.tv,Male,58.56.89.42
799,Harley,Galton,hgaltonm6@kickstarter.com,Male,43.48.59.5
800,Wenonah,Sydry,wsydrym7@google.es,Female,89.4.104.90
801,Maighdiln,Devereux,mdevereuxm8@bloomberg.com,Female,96.159.224.243
802,Courtney,Dumphy,cdumphym9@jalbum.net,Female,52.133.48.33
803,Rufus,Dougal,rdougalma@bloglovin.com,Male,191.81.133.79
804,Reinold,Aronstam,raronstammb@paginegialle.it,Male,230.202.102.245
805,Leyla,Deares,ldearesmc@macromedia.com,Female,80.15.241.255
806,Scottie,Ciani,scianimd@issuu.com,Male,113.244.209.247
807,Fredi,Cuniffe,fcuniffeme@discovery.com,Female,189.54.108.94
808,Robbie,Dello,rdellomf@simplemachines.org,Female,7.12.70.119
809,Stafani,Long,slongmg@bloomberg.com,Female,12.123.86.113
810,Dennis,Fitzharris,dfitzharrismh@mapquest.com,Male,103.66.88.170
811,Franklyn,Hulcoop,fhulcoopmi@wp.com,Male,44.77.206.4
812,Brianne,Trevascus,btrevascusmj@diigo.com,Female,195.245.107.51
813,Red,Cuardall,rcuardallmk@sourceforge.net,Male,146.233.64.12
814,Lila,Dakhov,ldakhovml@examiner.com,Female,137.96.78.192
815,Artair,Doore,adooremm@usa.gov,Male,195.109.36.70
816,Monro,Nasey,mnaseymn@blinklist.com,Male,207.202.101.146
817,Angel,Garfit,agarfitmo@fema.gov,Female,167.41.130.229
818,Hailey,Banstead,hbansteadmp@bigcartel.com,Male,70.242.234.12
819,Jeanelle,Robson,jrobsonmq@1und1.de,Female,198.99.193.100
820,Walther,Stronge,wstrongemr@umich.edu,Male,73.217.230.56
821,Darrell,L' Estrange,dlestrangems@cnbc.com,Male,232.28.182.105
822,Enrique,Money,emoneymt@tinyurl.com,Genderfluid,45.246.186.207
823,Leda,Golds,lgoldsmu@1688.com,Female,62.42.67.26
824,Domini,McCue,dmccuemv@phpbb.com,Bigender,123.37.238.222
825,Dorolice,Exer,dexermw@weebly.com,Female,30.211.2.161
826,Danny,Crossfeld,dcrossfeldmx@walmart.com,Male,39.169.236.24
827,Kennan,Mustchin,kmustchinmy@nasa.gov,Male,137.238.105.152
828,Oona,Eplett,oeplettmz@privacy.gov.au,Genderfluid,25.23.180.250
829,Irwin,Tenbrug,itenbrugn0@lulu.com,Male,47.173.156.248
830,Sapphire,Wrangle,swranglen1@bizjournals.com,Female,100.156.174.252
831,Conroy,Ivanishin,civanishinn2@toplist.cz,Male,232.43.83.222
832,Janela,Ligerton,jligertonn3@scribd.com,Female,105.95.227.65
833,Michel,Philipart,mphilipartn4@biblegateway.com,Genderqueer,178.43.253.28
834,Grantham,Ebrall,gebralln5@virginia.edu,Male,127.21.46.28
835,Nannette,Foxen,nfoxenn6@theglobeandmail.com,Female,51.27.138.98
836,Elia,Bortolomei,ebortolomein7@statcounter.com,Male,160.219.182.15
837,Tierney,DeSousa,tdesousan8@furl.net,Female,110.124.126.192
838,Maurita,Alty,maltyn9@pbs.org,Female,41.106.130.202
839,Aubrette,Pounsett,apounsettna@ameblo.jp,Female,81.118.34.209
840,Sibylla,Perillo,sperillonb@princeton.edu,Female,19.90.14.254
841,Dean,Spire,dspirenc@statcounter.com,Male,36.247.192.241
842,Gunner,Tollerfield,gtollerfieldnd@acquirethisname.com,Male,57.223.230.126
843,Derwin,Handmore,dhandmorene@mashable.com,Male,49.3.79.12
844,Aubine,Critchley,acritchleynf@macromedia.com,Female,85.220.22.88
845,Mahalia,Wilstead,mwilsteadng@yale.edu,Female,157.113.64.164
846,Rickey,McKeachie,rmckeachienh@1688.com,Male,59.216.21.224
847,Ruby,Askaw,raskawni@bloomberg.com,Female,176.177.94.242
848,Drake,Flement,dflementnj@bluehost.com,Male,254.210.66.136
849,Kendal,Eassom,keassomnk@springer.com,Male,179.140.7.237
850,Bartel,Heinecke,bheineckenl@ebay.com,Male,167.250.74.142
851,Keary,Shoebotham,kshoebothamnm@people.com.cn,Male,67.230.31.140
852,Brent,Osman,bosmannn@earthlink.net,Male,81.208.167.140
853,Kristien,Sheppard,ksheppardno@newsvine.com,Female,32.39.1.65
854,Riobard,Wawer,rwawernp@foxnews.com,Male,80.68.184.116
855,Paulo,Champneys,pchampneysnq@soundcloud.com,Male,139.17.99.193
856,Tisha,Pickerell,tpickerellnr@51.la,Female,241.15.67.42
857,Zia,Haglington,zhaglingtonns@msn.com,Female,67.231.97.161
858,Libbie,Romer,lromernt@free.fr,Polygender,89.73.188.168
859,Linnell,Cranmor,lcranmornu@marriott.com,Female,115.193.175.200
860,Gerhardine,Sorro,gsorronv@google.ca,Female,244.140.30.167
861,Julian,Knevit,jknevitnw@chicagotribune.com,Male,132.105.109.36
862,Zaccaria,Sinclar,zsinclarnx@e-recht24.de,Male,224.154.184.37
863,Carlen,Antonomolii,cantonomoliiny@tripod.com,Female,195.105.246.35
864,Creight,Howard - Gater,chowardgaternz@unicef.org,Male,131.24.216.182
865,Cesare,Boundey,cboundeyo0@pen.io,Male,191.104.90.38
866,Kittie,Klain,kklaino1@studiopress.com,Female,132.152.98.4
867,Clovis,Marmion,cmarmiono2@oracle.com,Female,162.206.76.39
868,Rhodia,Avard,ravardo3@paypal.com,Female,233.23.200.237
869,Garrard,Redmire,gredmireo4@forbes.com,Male,2.13.73.134
870,Boonie,Housden,bhousdeno5@ask.com,Male,93.179.79.25
871,Niels,O'Glassane,noglassaneo6@blinklist.com,Male,14.199.126.233
872,Issy,Collard,icollardo7@globo.com,Female,12.11.169.29
873,Julie,Baverstock,jbaverstocko8@chronoengine.com,Female,177.229.120.164
874,Beryle,Tures,btureso9@cpanel.net,Polygender,77.26.169.155
875,Woodrow,Jurasek,wjurasekoa@theatlantic.com,Male,83.15.9.109
876,Shirlene,Korejs,skorejsob@vinaora.com,Female,108.169.255.188
877,Maurice,Van Der Walt,mvanderwaltoc@acquirethisname.com,Genderfluid,8.46.154.216
878,Rosmunda,Anglin,ranglinod@telegraph.co.uk,Female,220.145.148.33
879,Dewain,Georgot,dgeorgotoe@noaa.gov,Male,11.144.51.116
880,Sibby,Drohun,sdrohunof@amazon.com,Female,30.218.218.194
881,Thibaut,Jills,tjillsog@seesaa.net,Male,16.165.12.146
882,Hoebart,Waymont,hwaymontoh@hao123.com,Non-binary,83.213.6.164
883,Felicio,Dongall,fdongalloi@mac.com,Male,51.39.197.73
884,Brianne,Peggrem,bpeggremoj@nymag.com,Female,156.126.151.231
885,Conn,Westgate,cwestgateok@cnbc.com,Male,153.53.6.131
886,Irwinn,Roll,irollol@wunderground.com,Male,95.82.0.213
887,Kally,Grieg,kgriegom@hatena.ne.jp,Female,162.187.70.246
888,Woody,Wallhead,wwallheadon@hao123.com,Male,35.194.28.159
889,Agnese,McComiskey,amccomiskeyoo@dailymotion.com,Female,193.154.96.134
890,Patty,Manske,pmanskeop@state.tx.us,Male,5.204.196.64
891,Dulcia,Jewsbury,djewsburyoq@apple.com,Female,205.141.154.228
892,Debee,Brownhall,dbrownhallor@hostgator.com,Female,134.120.158.5
893,Giana,Kynston,gkynstonos@google.pl,Female,90.0.93.227
894,Carny,Ruberti,crubertiot@php.net,Male,161.29.33.117
895,Cristin,Weatherhill,cweatherhillou@google.fr,Female,171.247.49.69
896,Rutter,Cleiment,rcleimentov@nationalgeographic.com,Male,156.17.113.251
897,Dido,Huskinson,dhuskinsonow@tiny.cc,Genderfluid,10.52.243.31
898,Hallie,Gadeaux,hgadeauxox@a8.net,Female,130.164.32.105
899,Adeline,Swansborough,aswansboroughoy@nature.com,Female,99.38.158.40
900,Jordan,Battrum,jbattrumoz@fastcompany.com,Female,52.15.25.180
901,Caye,Neesam,cneesamp0@hc360.com,Female,78.148.78.140
902,Brandon,Cowerd,bcowerdp1@admin.ch,Male,216.28.95.146
903,Trixi,Drackford,tdrackfordp2@sciencedaily.com,Polygender,1.193.190.255
904,Sinclair,Semour,ssemourp3@netscape.com,Male,40.61.56.35
905,Abner,Pearcey,apearceyp4@ft.com,Male,13.226.39.216
906,Marchelle,Widmoor,mwidmoorp5@paginegialle.it,Female,60.97.246.24
907,Jasun,Wilsey,jwilseyp6@state.gov,Male,84.178.132.87
908,Bessie,Martinovic,bmartinovicp7@arizona.edu,Female,96.34.156.131
909,Nancee,MacGorrie,nmacgorriep8@bbb.org,Female,219.176.210.129
910,Clemmie,Avrahamof,cavrahamofp9@cbslocal.com,Agender,254.227.4.95
911,Grover,Pride,gpridepa@usatoday.com,Male,2.21.78.11
912,Anton,Hunnicot,ahunnicotpb@tripadvisor.com,Bigender,250.251.247.180
913,Katy,Caldairou,kcaldairoupc@multiply.com,Female,90.25.102.208
914,Chan,Sustins,csustinspd@engadget.com,Male,86.215.130.21
915,Vladamir,Triebner,vtriebnerpe@state.gov,Male,82.169.245.212
916,Ned,Ingrey,ningreypf@exblog.jp,Male,255.137.185.222
917,Rex,Butchart,rbutchartpg@exblog.jp,Male,70.38.237.148
918,Simonette,Dumigan,sdumiganph@reuters.com,Female,67.87.132.59
919,Abby,Mossop,amossoppi@google.ru,Male,17.31.251.234
920,Carmine,Fagan,cfaganpj@unicef.org,Male,227.6.31.227
921,Tyrus,Frango,tfrangopk@eepurl.com,Male,146.192.133.225
922,Nanni,Callard,ncallardpl@craigslist.org,Female,92.69.134.156
923,Annis,Le Sarr,alesarrpm@salon.com,Genderfluid,82.88.119.242
924,Janice,Yerlett,jyerlettpn@buzzfeed.com,Female,74.124.82.114
925,Sinclair,Wikey,swikeypo@weather.com,Male,210.57.101.2
926,Koren,Renackowna,krenackownapp@cloudflare.com,Female,217.45.149.77
927,Wye,Valentetti,wvalentettipq@hugedomains.com,Male,196.242.27.40
928,Benjamen,Urch,burchpr@jiathis.com,Male,236.222.26.216
929,Krishnah,Coade,kcoadeps@wisc.edu,Male,100.158.112.139
930,Alyss,McCreery,amccreerypt@ebay.com,Female,190.84.173.74
931,Vernice,Breffitt,vbreffittpu@fema.gov,Female,206.242.191.18
932,Raynell,Martinec,rmartinecpv@g.co,Female,120.40.111.122
933,Isabel,Bouch,ibouchpw@lulu.com,Female,124.105.152.220
934,Jeannie,Acland,jaclandpx@boston.com,Genderqueer,48.190.51.64
935,Kermit,Rouse,krousepy@constantcontact.com,Male,204.174.209.198
936,Blane,MacAindreis,bmacaindreispz@ow.ly,Male,121.29.204.132
937,Jakob,Dare,jdareq0@homestead.com,Male,170.120.136.182
938,Axel,Longfield,alongfieldq1@sun.com,Male,228.59.207.89
939,Joella,Goldsmith,jgoldsmithq2@mac.com,Female,200.33.148.187
940,Roseann,Wilsey,rwilseyq3@twitter.com,Female,133.245.61.1
941,Sven,Simonson,ssimonsonq4@mysql.com,Male,120.205.97.12
942,Raimundo,Highton,rhightonq5@yahoo.co.jp,Male,132.221.106.85
943,Jerry,Cleatherow,jcleatherowq6@hostgator.com,Female,96.27.110.11
944,Farrell,Heartfield,fheartfieldq7@storify.com,Male,87.246.255.50
945,Lenka,Kamen,lkamenq8@mozilla.org,Female,6.206.85.87
946,Buckie,Forge,bforgeq9@de.vu,Male,241.248.52.27
947,Fred,Stebbings,fstebbingsqa@uiuc.edu,Female,180.186.234.238
948,Averil,Ovell,aovellqb@sciencedaily.com,Male,158.63.117.218
949,Izaak,Mussard,imussardqc@reuters.com,Non-binary,28.64.86.35
950,Leif,Heliot,lheliotqd@sciencedaily.com,Male,214.188.63.135
951,Shelton,Fehners,sfehnersqe@histats.com,Male,18.76.90.240
952,Judas,Payton,jpaytonqf@microsoft.com,Male,190.181.106.245
953,Simmonds,De Bernardis,sdebernardisqg@discovery.com,Male,9.136.139.42
954,Coop,Mertgen,cmertgenqh@ow.ly,Male,71.18.132.37
955,Alexandrina,Merritt,amerrittqi@plala.or.jp,Female,166.97.133.109
956,Gilburt,Luckie,gluckieqj@flickr.com,Male,201.89.53.171
957,Rudd,Steketee,rsteketeeqk@apache.org,Male,45.1.157.48
958,Amalle,Lerohan,alerohanql@merriam-webster.com,Agender,95.184.12.236
959,Sander,Eccleston,secclestonqm@tinypic.com,Male,12.133.117.88
960,Derward,Maldin,dmaldinqn@behance.net,Male,159.172.163.108
961,Keene,Muscat,kmuscatqo@sourceforge.net,Male,62.223.136.137
962,Wayne,Seywood,wseywoodqp@paginegialle.it,Agender,124.46.12.230
963,Olav,De Coursey,odecourseyqq@tuttocitta.it,Male,199.161.51.168
964,Christoforo,Porteous,cporteousqr@hubpages.com,Male,8.116.55.250
965,Burch,Masserel,bmasserelqs@springer.com,Male,240.105.44.225
966,Jeramie,Gunther,jguntherqt@earthlink.net,Male,139.138.56.55
967,Rubie,Kinneir,rkinneirqu@upenn.edu,Female,44.174.46.68
968,Arlen,Shakesby,ashakesbyqv@bravesites.com,Male,145.120.32.124
969,Reinald,Steptowe,rsteptoweqw@e-recht24.de,Male,241.219.42.217
970,Margret,Conochie,mconochieqx@fastcompany.com,Female,160.106.194.190
971,Renard,Barday,rbardayqy@europa.eu,Male,254.65.105.95
972,Hermie,Kliment,hklimentqz@skyrock.com,Agender,252.99.13.184
973,Holmes,Blune,hbluner0@blogs.com,Male,150.143.25.230
974,Mandel,Orbell,morbellr1@mac.com,Male,162.140.135.14
975,Cassie,Saphin,csaphinr2@newyorker.com,Male,76.236.237.248
976,Palm,Worsham,pworshamr3@indiegogo.com,Male,252.29.121.142
977,Tadeas,Glowinski,tglowinskir4@disqus.com,Male,110.118.134.54
978,Nonnah,Kik,nkikr5@dyndns.org,Female,40.216.39.115
979,Orel,Petchell,opetchellr6@networksolutions.com,Female,24.105.52.231
980,Goober,Scrivin,gscrivinr7@lycos.com,Genderfluid,45.216.147.88
981,Caspar,Cleevely,ccleevelyr8@smh.com.au,Male,110.199.26.195
982,Rees,Warr,rwarrr9@yahoo.com,Male,143.223.97.69
983,Lil,Warbys,lwarbysra@umn.edu,Female,171.127.228.222
984,Giorgio,Huguenet,ghuguenetrb@google.de,Male,17.0.185.148
985,Javier,Burtonwood,jburtonwoodrc@myspace.com,Male,12.213.15.200
986,Linn,Meeking,lmeekingrd@nyu.edu,Non-binary,109.120.198.21
987,Clarance,Clackson,cclacksonre@berkeley.edu,Male,159.191.25.227
988,Lira,Ramsey,lramseyrf@cocolog-nifty.com,Female,173.34.184.115
989,Nessa,Cappell,ncappellrg@unblog.fr,Female,231.171.221.81
990,Ulrika,Gillogley,ugillogleyrh@apple.com,Female,69.83.204.152
991,Shani,Avrahamov,savrahamovri@skyrock.com,Female,226.163.13.117
992,Judye,Yurinov,jyurinovrj@gizmodo.com,Female,233.163.158.186
993,Ferdinanda,Linnitt,flinnittrk@barnesandnoble.com,Female,225.221.216.225
994,Nobe,Briereton,nbrieretonrl@oaic.gov.au,Male,238.58.36.184
995,Leann,O'Brollachain,lobrollachainrm@yellowpages.com,Female,246.138.1.79
996,Tremaine,Fellon,tfellonrn@histats.com,Male,209.245.179.90
997,Susannah,Darwood,sdarwoodro@earthlink.net,Female,197.21.102.158
998,Brig,Haggie,bhaggierp@blogs.com,Male,97.155.112.100
999,Regen,Breawood,rbreawoodrq@4shared.com,Male,74.204.55.141
1000,Michal,Burchell,mburchellrr@hatena.ne.jp,Male,37.112.95.103
